{
    "FoVx": 1.6208972917661593,
    "FoVy": 1.2325332001612663,
    "image_width": 1024,
    "image_height": 690,
    "primx": 0.5,
    "primy": 0.5
}